Autor,Publicaciones
E. Ferrer,1
Borja Lozano-Álvarez,2
P. Balsalobre,1
C. Brewster,1
A. Gómez-Pérez,1
Carlos Badenes-Olmedo,6
J. Bellón,2
Freddy Priyatna,1
L. Daniele,1
B. López-Centeno,2
R. García-Castro,3
S. Khoo,1
L. Pérez-Latorre,2
Juan Sequeda,1
J. Benedí,2
A. Frazer,1
Karan Aggarwal,1
David Chaves-Fraga,3
Ian Makgill,2
E. Simperl,2
Dhamyaa Salim Mutar,1
Óscar Corcho,19
A. Soylu,2
E. Merino,1
A. Gray,1
A. Fernandes,1
Ana Iglesias-Molina,2
N. Paton,1
P. Barrufet,1
C. Alonso,1
D. D. Roure,1
J. Llibre,1
Álvaro Alonso,1
J. Sanz,1
Hoyoung Jeung,1
A. Fernandez,1
Julián Arenas-Guerrero,1
Nicholas Burrett,1
P. Sanchez,1
J. Berenguer,3
K. Martinez,1
E. González,1
Carlos Alberto Ramírez Restrepo,1
D. Podzamczer,1
G. Atemezing,1
Andres M. Castillo,1
M. Punter,1
B. Villazón-Terrazas,1
Carlos Badenes-Olmedo,6
Tom Blount,1
M. Karpathiotakis,1
C. Marzolini,2
Humam Al-Shahwani,1
J. Niubó,1
Mitja Medvešček,1
Andrea Cimmino,1
Francisco Yedro Martínez,1
María Poveda,1
Ahmad Alobaid,1
L. D. Rio,1
J. C. López,1
A. Lérida,1
A. Delegido,1
M. Pabón,1
Daniel Vila-Suero,1
Jean-Paul Calbimonte,2
E. Ribera,1
Mar'ia Poveda-Villal'on,1
M. J. Calvo-Alcántara,2
Francisco Yedro-Martínez,1
K. Aberer,1
K. McAllister,1
Manolis Koubarakis,1
Luc'ia Prieto Santamar'ia,1
S. Khoo,1
J. D. Pedreira,1
C. Taggart,2
José Luis Redondo García,1
I. Galpin,1
M. Crespo,1
Hu Peng,1
Jhon Toledo,2
Marlene Goncalves,1
Pablo Rozas,1
Kevin R. Page,1
T. C. Lech,2
Y. Filali,1
Maad M. Mijwil,1
Puchao Zhang,1
B. Elvesæter,2
S. Veloso,1
D. Garijo,2
O. Kit,1
R. Rubio,1
K. Kyzirakos,1
C. Fisac,1
Ainhoa Aranguren-Oyarzábal,1
Matej Kovacic,2
S. Gibbons,1
José Mora,2
J. Sadler,1
M. A. Ribas,1
F. Pulido,1
M. Poveda-Villalón,2
D. Roman,2
J. Redondo-García,1
M. Aranda,1
Oscar Ceballos,1
M. Loncá,1
Raúl García Castro,1
E. Ruckhaus,1
J. Gatell,1
Alejandro Rodr'iguez-Gonz'alez,1
Andrea 'Alvarez P'erez,1
Mingxue Wang,1
Matej Posinkovic,2
J. Martínez-Lacasa,1
Á. Mataix-Sanjuan,2
